country,indicator,year,value,obs_status,unit,source_lastupdated,retrieved_utc
JPN,IT.CEL.SETS.P2,1990,0.701838322,,,2026-07-13,2026-09-20T08:07:50Z
JPN,IT.CEL.SETS.P2,1991,1.110714636,,,2026-07-13,2026-09-20T08:07:50Z
JPN,IT.CEL.SETS.P2,1992,1.376149484,,,2026-07-13,2026-09-20T08:07:50Z
JPN,IT.CEL.SETS.P2,1993,1.70810566,,,2026-07-13,2026-09-20T08:07:50Z
JPN,IT.CEL.SETS.P2,1994,3.461792124,,,2026-07-13,2026-09-20T08:07:50Z
JPN,IT.CEL.SETS.P2,1995,9.337292835,,,2026-07-13,2026-09-20T08:07:50Z
JPN,IT.CEL.SETS.P2,1996,21.40087434,,,2026-07-13,2026-09-20T08:07:50Z
JPN,IT.CEL.SETS.P2,1997,30.35349093,,,2026-07-13,2026-09-20T08:07:50Z
JPN,IT.CEL.SETS.P2,1998,37.45403769,,,2026-07-13,2026-09-20T08:07:50Z
JPN,IT.CEL.SETS.P2,1999,44.91767666,,,2026-07-13,2026-09-20T08:07:50Z
JPN,IT.CEL.SETS.P2,2000,52.5746173540028,,,2026-07-13,2026-09-20T08:07:50Z
JPN,IT.CEL.SETS.P2,2001,58.7922921478922,,,2026-07-13,2026-09-20T08:07:50Z
JPN,IT.CEL.SETS.P2,2002,63.6299013940492,,,2026-07-13,2026-09-20T08:07:50Z
JPN,IT.CEL.SETS.P2,2003,67.8735418673073,,,2026-07-13,2026-09-20T08:07:50Z
JPN,IT.CEL.SETS.P2,2004,71.5670665187225,,,2026-07-13,2026-09-20T08:07:50Z
JPN,IT.CEL.SETS.P2,2005,75.4291988176682,,,2026-07-13,2026-09-20T08:07:50Z
JPN,IT.CEL.SETS.P2,2006,77.9907399102107,,,2026-07-13,2026-09-20T08:07:50Z
JPN,IT.CEL.SETS.P2,2007,83.8011886263973,,,2026-07-13,2026-09-20T08:07:50Z
JPN,IT.CEL.SETS.P2,2008,86.1411128734599,,,2026-07-13,2026-09-20T08:07:50Z
JPN,IT.CEL.SETS.P2,2009,90.7193519244929,,,2026-07-13,2026-09-20T08:07:50Z
JPN,IT.CEL.SETS.P2,2010,96.1788512760143,,,2026-07-13,2026-09-20T08:07:50Z
JPN,IT.CEL.SETS.P2,2011,103.641547955059,,,2026-07-13,2026-09-20T08:07:50Z
JPN,IT.CEL.SETS.P2,2012,110.319058838317,,,2026-07-13,2026-09-20T08:07:50Z
JPN,IT.CEL.SETS.P2,2013,115.787169243408,,,2026-07-13,2026-09-20T08:07:50Z
JPN,IT.CEL.SETS.P2,2014,123.822099584501,,,2026-07-13,2026-09-20T08:07:50Z
JPN,IT.CEL.SETS.P2,2015,126.150959704287,,,2026-07-13,2026-09-20T08:07:50Z
JPN,IT.CEL.SETS.P2,2016,131.214861037498,,,2026-07-13,2026-09-20T08:07:50Z
JPN,IT.CEL.SETS.P2,2017,135.985843116605,,,2026-07-13,2026-09-20T08:07:50Z
JPN,IT.CEL.SETS.P2,2018,141.728728918149,,,2026-07-13,2026-09-20T08:07:50Z
JPN,IT.CEL.SETS.P2,2019,147.209910756974,,,2026-07-13,2026-09-20T08:07:50Z
JPN,IT.CEL.SETS.P2,2020,154.432206765516,,,2026-07-13,2026-09-20T08:07:50Z
JPN,IT.CEL.SETS.P2,2021,159.516123485628,,,2026-07-13,2026-09-20T08:07:50Z
JPN,IT.CEL.SETS.P2,2022,168.602943650636,,,2026-07-13,2026-09-20T08:07:50Z
JPN,IT.CEL.SETS.P2,2023,178.432441299977,,,2026-07-13,2026-09-20T08:07:50Z
JPN,IT.CEL.SETS.P2,2024,,,,2026-07-13,2026-09-20T08:07:50Z
JPN,IT.CEL.SETS.P2,2025,,,,2026-07-13,2026-09-20T08:07:50Z
KOR,IT.CEL.SETS.P2,1990,0.181334835,,,2026-07-13,2026-09-20T08:07:50Z
KOR,IT.CEL.SETS.P2,1991,0.373382025,,,2026-07-13,2026-09-20T08:07:50Z
KOR,IT.CEL.SETS.P2,1992,0.608287335,,,2026-07-13,2026-09-20T08:07:50Z
KOR,IT.CEL.SETS.P2,1993,1.049975406,,,2026-07-13,2026-09-20T08:07:50Z
KOR,IT.CEL.SETS.P2,1994,2.126074209,,,2026-07-13,2026-09-20T08:07:50Z
KOR,IT.CEL.SETS.P2,1995,3.615707017,,,2026-07-13,2026-09-20T08:07:50Z
KOR,IT.CEL.SETS.P2,1996,6.966660745,,,2026-07-13,2026-09-20T08:07:50Z
KOR,IT.CEL.SETS.P2,1997,14.96611806,,,2026-07-13,2026-09-20T08:07:50Z
KOR,IT.CEL.SETS.P2,1998,30.31034269,,,2026-07-13,2026-09-20T08:07:50Z
KOR,IT.CEL.SETS.P2,1999,50.39230494,,,2026-07-13,2026-09-20T08:07:50Z
KOR,IT.CEL.SETS.P2,2000,57.3408437262605,,,2026-07-13,2026-09-20T08:07:50Z
KOR,IT.CEL.SETS.P2,2001,61.7420382357865,,,2026-07-13,2026-09-20T08:07:50Z
KOR,IT.CEL.SETS.P2,2002,68.3786357970296,,,2026-07-13,2026-09-20T08:07:50Z
KOR,IT.CEL.SETS.P2,2003,70.6984149567203,,,2026-07-13,2026-09-20T08:07:50Z
KOR,IT.CEL.SETS.P2,2004,76.705022268137,,,2026-07-13,2026-09-20T08:07:50Z
KOR,IT.CEL.SETS.P2,2005,80.1274936342835,,,2026-07-13,2026-09-20T08:07:50Z
KOR,IT.CEL.SETS.P2,2006,83.7326193913918,,,2026-07-13,2026-09-20T08:07:50Z
KOR,IT.CEL.SETS.P2,2007,92.0940186995266,,,2026-07-13,2026-09-20T08:07:50Z
KOR,IT.CEL.SETS.P2,2008,94.314085183969,,,2026-07-13,2026-09-20T08:07:50Z
KOR,IT.CEL.SETS.P2,2009,98.7589987345583,,,2026-07-13,2026-09-20T08:07:50Z
KOR,IT.CEL.SETS.P2,2010,104.09665032935,,,2026-07-13,2026-09-20T08:07:50Z
KOR,IT.CEL.SETS.P2,2011,106.878306781378,,,2026-07-13,2026-09-20T08:07:50Z
KOR,IT.CEL.SETS.P2,2012,108.114681779859,,,2026-07-13,2026-09-20T08:07:50Z
KOR,IT.CEL.SETS.P2,2013,109.206248930023,,,2026-07-13,2026-09-20T08:07:50Z
KOR,IT.CEL.SETS.P2,2014,113.358579550833,,,2026-07-13,2026-09-20T08:07:50Z
KOR,IT.CEL.SETS.P2,2015,115.595447050042,,,2026-07-13,2026-09-20T08:07:50Z
KOR,IT.CEL.SETS.P2,2016,119.489512998783,,,2026-07-13,2026-09-20T08:07:50Z
KOR,IT.CEL.SETS.P2,2017,123.642066127533,,,2026-07-13,2026-09-20T08:07:50Z
KOR,IT.CEL.SETS.P2,2018,128.494634504197,,,2026-07-13,2026-09-20T08:07:50Z
KOR,IT.CEL.SETS.P2,2019,133.079790493891,,,2026-07-13,2026-09-20T08:07:50Z
KOR,IT.CEL.SETS.P2,2020,135.973274343048,,,2026-07-13,2026-09-20T08:07:50Z
KOR,IT.CEL.SETS.P2,2021,140.516382791931,,,2026-07-13,2026-09-20T08:07:50Z
KOR,IT.CEL.SETS.P2,2022,148.68360770138,,,2026-07-13,2026-09-20T08:07:50Z
KOR,IT.CEL.SETS.P2,2023,162.11365652794,,,2026-07-13,2026-09-20T08:07:50Z
KOR,IT.CEL.SETS.P2,2024,172.520241179065,,,2026-07-13,2026-09-20T08:07:50Z
KOR,IT.CEL.SETS.P2,2025,,,,2026-07-13,2026-09-20T08:07:50Z
USA,IT.CEL.SETS.P2,1990,2.129545117,,,2026-07-13,2026-09-20T08:07:50Z
USA,IT.CEL.SETS.P2,1991,3.004111275,,,2026-07-13,2026-09-20T08:07:50Z
USA,IT.CEL.SETS.P2,1992,4.323596882,,,2026-07-13,2026-09-20T08:07:50Z
USA,IT.CEL.SETS.P2,1993,6.186519908,,,2026-07-13,2026-09-20T08:07:50Z
USA,IT.CEL.SETS.P2,1994,9.202002036,,,2026-07-13,2026-09-20T08:07:50Z
USA,IT.CEL.SETS.P2,1995,12.71760532,,,2026-07-13,2026-09-20T08:07:50Z
USA,IT.CEL.SETS.P2,1996,16.37381226,,,2026-07-13,2026-09-20T08:07:50Z
USA,IT.CEL.SETS.P2,1997,20.30588082,,,2026-07-13,2026-09-20T08:07:50Z
USA,IT.CEL.SETS.P2,1998,25.09083926,,,2026-07-13,2026-09-20T08:07:50Z
USA,IT.CEL.SETS.P2,1999,30.82116044,,,2026-07-13,2026-09-20T08:07:50Z
USA,IT.CEL.SETS.P2,2000,38.8931449211963,,,2026-07-13,2026-09-20T08:07:50Z
USA,IT.CEL.SETS.P2,2001,45.2019710071462,,,2026-07-13,2026-09-20T08:07:50Z
USA,IT.CEL.SETS.P2,2002,49.3931508029532,,,2026-07-13,2026-09-20T08:07:50Z
USA,IT.CEL.SETS.P2,2003,55.4096280855899,,,2026-07-13,2026-09-20T08:07:50Z
USA,IT.CEL.SETS.P2,2004,63.1242068595345,,,2026-07-13,2026-09-20T08:07:50Z
USA,IT.CEL.SETS.P2,2005,68.8835039746019,,,2026-07-13,2026-09-20T08:07:50Z
USA,IT.CEL.SETS.P2,2006,76.8586480652849,,,2026-07-13,2026-09-20T08:07:50Z
USA,IT.CEL.SETS.P2,2007,82.5922706237223,,,2026-07-13,2026-09-20T08:07:50Z
USA,IT.CEL.SETS.P2,2008,85.680465188068,,,2026-07-13,2026-09-20T08:07:50Z
USA,IT.CEL.SETS.P2,2009,89.0461412720864,,,2026-07-13,2026-09-20T08:07:50Z
USA,IT.CEL.SETS.P2,2010,91.6593077558393,,,2026-07-13,2026-09-20T08:07:50Z
USA,IT.CEL.SETS.P2,2011,94.682964660635,,,2026-07-13,2026-09-20T08:07:50Z
USA,IT.CEL.SETS.P2,2012,96.1284261999864,,,2026-07-13,2026-09-20T08:07:50Z
USA,IT.CEL.SETS.P2,2013,97.0595305732914,,,2026-07-13,2026-09-20T08:07:50Z
USA,IT.CEL.SETS.P2,2014,99.839569071329,,,2026-07-13,2026-09-20T08:07:50Z
USA,IT.CEL.SETS.P2,2015,101.831958781319,,,2026-07-13,2026-09-20T08:07:50Z
USA,IT.CEL.SETS.P2,2016,102.751864866695,,,2026-07-13,2026-09-20T08:07:50Z
USA,IT.CEL.SETS.P2,2017,102.380562632686,,,2026-07-13,2026-09-20T08:07:50Z
USA,IT.CEL.SETS.P2,2018,103.935307364,,,2026-07-13,2026-09-20T08:07:50Z
USA,IT.CEL.SETS.P2,2019,105.32074052965,,,2026-07-13,2026-09-20T08:07:50Z
USA,IT.CEL.SETS.P2,2020,103.855170008567,,,2026-07-13,2026-09-20T08:07:50Z
USA,IT.CEL.SETS.P2,2021,106.324514306135,,,2026-07-13,2026-09-20T08:07:50Z
USA,IT.CEL.SETS.P2,2022,108.785640656159,,,2026-07-13,2026-09-20T08:07:50Z
USA,IT.CEL.SETS.P2,2023,112.410910606372,,,2026-07-13,2026-09-20T08:07:50Z
USA,IT.CEL.SETS.P2,2024,113.190481805755,,,2026-07-13,2026-09-20T08:07:50Z
USA,IT.CEL.SETS.P2,2025,,,,2026-07-13,2026-09-20T08:07:50Z
JPN,IT.NET.BBND.P2,1990,,,,2026-07-13,2026-09-20T08:07:50Z
JPN,IT.NET.BBND.P2,1991,,,,2026-07-13,2026-09-20T08:07:50Z
JPN,IT.NET.BBND.P2,1992,,,,2026-07-13,2026-09-20T08:07:50Z
JPN,IT.NET.BBND.P2,1993,,,,2026-07-13,2026-09-20T08:07:50Z
JPN,IT.NET.BBND.P2,1994,,,,2026-07-13,2026-09-20T08:07:50Z
JPN,IT.NET.BBND.P2,1995,,,,2026-07-13,2026-09-20T08:07:50Z
JPN,IT.NET.BBND.P2,1996,,,,2026-07-13,2026-09-20T08:07:50Z
JPN,IT.NET.BBND.P2,1997,,,,2026-07-13,2026-09-20T08:07:50Z
JPN,IT.NET.BBND.P2,1998,0.025334817,,,2026-07-13,2026-09-20T08:07:50Z
JPN,IT.NET.BBND.P2,1999,0.170676696,,,2026-07-13,2026-09-20T08:07:50Z
JPN,IT.NET.BBND.P2,2000,0.672809474783506,,,2026-07-13,2026-09-20T08:07:50Z
JPN,IT.NET.BBND.P2,2001,3.01351213264344,,,2026-07-13,2026-09-20T08:07:50Z
JPN,IT.NET.BBND.P2,2002,7.37142066369461,,,2026-07-13,2026-09-20T08:07:50Z
JPN,IT.NET.BBND.P2,2003,11.6840438886277,,,2026-07-13,2026-09-20T08:07:50Z
JPN,IT.NET.BBND.P2,2004,15.3010425771079,,,2026-07-13,2026-09-20T08:07:50Z
JPN,IT.NET.BBND.P2,2005,18.2163227241445,,,2026-07-13,2026-09-20T08:07:50Z
JPN,IT.NET.BBND.P2,2006,20.6558091050193,,,2026-07-13,2026-09-20T08:07:50Z
JPN,IT.NET.BBND.P2,2007,22.0965845880481,,,2026-07-13,2026-09-20T08:07:50Z
JPN,IT.NET.BBND.P2,2008,23.5007969584566,,,2026-07-13,2026-09-20T08:07:50Z
JPN,IT.NET.BBND.P2,2009,25.6358294679867,,,2026-07-13,2026-09-20T08:07:50Z
JPN,IT.NET.BBND.P2,2010,26.6035065260031,,,2026-07-13,2026-09-20T08:07:50Z
JPN,IT.NET.BBND.P2,2011,27.8666731326287,,,2026-07-13,2026-09-20T08:07:50Z
JPN,IT.NET.BBND.P2,2012,28.2442659182057,,,2026-07-13,2026-09-20T08:07:50Z
JPN,IT.NET.BBND.P2,2013,28.9051021054089,,,2026-07-13,2026-09-20T08:07:50Z
JPN,IT.NET.BBND.P2,2014,29.6414897863191,,,2026-07-13,2026-09-20T08:07:50Z
JPN,IT.NET.BBND.P2,2015,30.5419859940146,,,2026-07-13,2026-09-20T08:07:50Z
JPN,IT.NET.BBND.P2,2016,31.3035556297124,,,2026-07-13,2026-09-20T08:07:50Z
JPN,IT.NET.BBND.P2,2017,31.8990791226107,,,2026-07-13,2026-09-20T08:07:50Z
JPN,IT.NET.BBND.P2,2018,32.6965336498031,,,2026-07-13,2026-09-20T08:07:50Z
JPN,IT.NET.BBND.P2,2019,33.545921250597,,,2026-07-13,2026-09-20T08:07:50Z
JPN,IT.NET.BBND.P2,2020,34.8370612448992,,,2026-07-13,2026-09-20T08:07:50Z
JPN,IT.NET.BBND.P2,2021,35.9391724358064,,,2026-07-13,2026-09-20T08:07:50Z
JPN,IT.NET.BBND.P2,2022,36.8414210393741,,,2026-07-13,2026-09-20T08:07:50Z
JPN,IT.NET.BBND.P2,2023,38.6312383711286,,,2026-07-13,2026-09-20T08:07:50Z
JPN,IT.NET.BBND.P2,2024,,,,2026-07-13,2026-09-20T08:07:50Z
JPN,IT.NET.BBND.P2,2025,,,,2026-07-13,2026-09-20T08:07:50Z
KOR,IT.NET.BBND.P2,1990,,,,2026-07-13,2026-09-20T08:07:50Z
KOR,IT.NET.BBND.P2,1991,,,,2026-07-13,2026-09-20T08:07:50Z
KOR,IT.NET.BBND.P2,1992,,,,2026-07-13,2026-09-20T08:07:50Z
KOR,IT.NET.BBND.P2,1993,,,,2026-07-13,2026-09-20T08:07:50Z
KOR,IT.NET.BBND.P2,1994,,,,2026-07-13,2026-09-20T08:07:50Z
KOR,IT.NET.BBND.P2,1995,,,,2026-07-13,2026-09-20T08:07:50Z
KOR,IT.NET.BBND.P2,1996,,,,2026-07-13,2026-09-20T08:07:50Z
KOR,IT.NET.BBND.P2,1997,,,,2026-07-13,2026-09-20T08:07:50Z
KOR,IT.NET.BBND.P2,1998,0.030270101,,,2026-07-13,2026-09-20T08:07:50Z
KOR,IT.NET.BBND.P2,1999,0.59758673,,,2026-07-13,2026-09-20T08:07:50Z
KOR,IT.NET.BBND.P2,2000,8.27512573540369,,,2026-07-13,2026-09-20T08:07:50Z
KOR,IT.NET.BBND.P2,2001,16.6187152698861,,,2026-07-13,2026-09-20T08:07:50Z
KOR,IT.NET.BBND.P2,2002,21.9993226089619,,,2026-07-13,2026-09-20T08:07:50Z
KOR,IT.NET.BBND.P2,2003,23.5266686815046,,,2026-07-13,2026-09-20T08:07:50Z
KOR,IT.NET.BBND.P2,2004,24.994067246262,,,2026-07-13,2026-09-20T08:07:50Z
KOR,IT.NET.BBND.P2,2005,25.4760546993955,,,2026-07-13,2026-09-20T08:07:50Z
KOR,IT.NET.BBND.P2,2006,29.2516487032032,,,2026-07-13,2026-09-20T08:07:50Z
KOR,IT.NET.BBND.P2,2007,30.5325293113359,,,2026-07-13,2026-09-20T08:07:50Z
KOR,IT.NET.BBND.P2,2008,32.0017644786606,,,2026-07-13,2026-09-20T08:07:50Z
KOR,IT.NET.BBND.P2,2009,33.675976694352,,,2026-07-13,2026-09-20T08:07:50Z
KOR,IT.NET.BBND.P2,2010,35.2563205089625,,,2026-07-13,2026-09-20T08:07:50Z
KOR,IT.NET.BBND.P2,2011,36.353305205381,,,2026-07-13,2026-09-20T08:07:50Z
KOR,IT.NET.BBND.P2,2012,36.8000321131758,,,2026-07-13,2026-09-20T08:07:50Z
KOR,IT.NET.BBND.P2,2013,37.4217663483917,,,2026-07-13,2026-09-20T08:07:50Z
KOR,IT.NET.BBND.P2,2014,37.9883114555998,,,2026-07-13,2026-09-20T08:07:50Z
KOR,IT.NET.BBND.P2,2015,39.2759563055891,,,2026-07-13,2026-09-20T08:07:50Z
KOR,IT.NET.BBND.P2,2016,40.0712454963259,,,2026-07-13,2026-09-20T08:07:50Z
KOR,IT.NET.BBND.P2,2017,41.1680978249153,,,2026-07-13,2026-09-20T08:07:50Z
KOR,IT.NET.BBND.P2,2018,41.2189959375994,,,2026-07-13,2026-09-20T08:07:50Z
KOR,IT.NET.BBND.P2,2019,42.0373507524342,,,2026-07-13,2026-09-20T08:07:50Z
KOR,IT.NET.BBND.P2,2020,43.0540600860627,,,2026-07-13,2026-09-20T08:07:50Z
KOR,IT.NET.BBND.P2,2021,44.2526082339633,,,2026-07-13,2026-09-20T08:07:50Z
KOR,IT.NET.BBND.P2,2022,45.4542124182774,,,2026-07-13,2026-09-20T08:07:50Z
KOR,IT.NET.BBND.P2,2023,46.5676352036327,,,2026-07-13,2026-09-20T08:07:50Z
KOR,IT.NET.BBND.P2,2024,47.8014965507867,,,2026-07-13,2026-09-20T08:07:50Z
KOR,IT.NET.BBND.P2,2025,,,,2026-07-13,2026-09-20T08:07:50Z
USA,IT.NET.BBND.P2,1990,,,,2026-07-13,2026-09-20T08:07:50Z
USA,IT.NET.BBND.P2,1991,,,,2026-07-13,2026-09-20T08:07:50Z
USA,IT.NET.BBND.P2,1992,,,,2026-07-13,2026-09-20T08:07:50Z
USA,IT.NET.BBND.P2,1993,,,,2026-07-13,2026-09-20T08:07:50Z
USA,IT.NET.BBND.P2,1994,,,,2026-07-13,2026-09-20T08:07:50Z
USA,IT.NET.BBND.P2,1995,,,,2026-07-13,2026-09-20T08:07:50Z
USA,IT.NET.BBND.P2,1996,,,,2026-07-13,2026-09-20T08:07:50Z
USA,IT.NET.BBND.P2,1997,,,,2026-07-13,2026-09-20T08:07:50Z
USA,IT.NET.BBND.P2,1998,0.255913845,,,2026-07-13,2026-09-20T08:07:50Z
USA,IT.NET.BBND.P2,1999,0.986557204,,,2026-07-13,2026-09-20T08:07:50Z
USA,IT.NET.BBND.P2,2000,2.51164212166547,,,2026-07-13,2026-09-20T08:07:50Z
USA,IT.NET.BBND.P2,2001,4.50008028890173,,,2026-07-13,2026-09-20T08:07:50Z
USA,IT.NET.BBND.P2,2002,6.92533390658183,,,2026-07-13,2026-09-20T08:07:50Z
USA,IT.NET.BBND.P2,2003,9.57004719771541,,,2026-07-13,2026-09-20T08:07:50Z
USA,IT.NET.BBND.P2,2004,12.7576071681207,,,2026-07-13,2026-09-20T08:07:50Z
USA,IT.NET.BBND.P2,2005,17.2991096639721,,,2026-07-13,2026-09-20T08:07:50Z
USA,IT.NET.BBND.P2,2006,20.1645830201257,,,2026-07-13,2026-09-20T08:07:50Z
USA,IT.NET.BBND.P2,2007,23.7552995298973,,,2026-07-13,2026-09-20T08:07:50Z
USA,IT.NET.BBND.P2,2008,25.290984615215,,,2026-07-13,2026-09-20T08:07:50Z
USA,IT.NET.BBND.P2,2009,25.9694510145971,,,2026-07-13,2026-09-20T08:07:50Z
USA,IT.NET.BBND.P2,2010,27.1720060120338,,,2026-07-13,2026-09-20T08:07:50Z
USA,IT.NET.BBND.P2,2011,28.117023946999,,,2026-07-13,2026-09-20T08:07:50Z
USA,IT.NET.BBND.P2,2012,29.1736109719443,,,2026-07-13,2026-09-20T08:07:50Z
USA,IT.NET.BBND.P2,2013,29.9996164764959,,,2026-07-13,2026-09-20T08:07:50Z
USA,IT.NET.BBND.P2,2014,30.270920842,,,2026-07-13,2026-09-20T08:07:50Z
USA,IT.NET.BBND.P2,2015,31.3412129772455,,,2026-07-13,2026-09-20T08:07:50Z
USA,IT.NET.BBND.P2,2016,32.1144006365866,,,2026-07-13,2026-09-20T08:07:50Z
USA,IT.NET.BBND.P2,2017,32.5702836317829,,,2026-07-13,2026-09-20T08:07:50Z
USA,IT.NET.BBND.P2,2018,33.0559177307939,,,2026-07-13,2026-09-20T08:07:50Z
USA,IT.NET.BBND.P2,2019,33.835216356436,,,2026-07-13,2026-09-20T08:07:50Z
USA,IT.NET.BBND.P2,2020,35.7156999293054,,,2026-07-13,2026-09-20T08:07:50Z
USA,IT.NET.BBND.P2,2021,37.0074278936277,,,2026-07-13,2026-09-20T08:07:50Z
USA,IT.NET.BBND.P2,2022,37.4887954801437,,,2026-07-13,2026-09-20T08:07:50Z
USA,IT.NET.BBND.P2,2023,38.0939254696383,,,2026-07-13,2026-09-20T08:07:50Z
USA,IT.NET.BBND.P2,2024,38.8571729185246,,,2026-07-13,2026-09-20T08:07:50Z
USA,IT.NET.BBND.P2,2025,,,,2026-07-13,2026-09-20T08:07:50Z
JPN,IT.NET.USER.ZS,1990,0.0203,,,2026-07-13,2026-09-20T08:07:50Z
JPN,IT.NET.USER.ZS,1991,0.0404,,,2026-07-13,2026-09-20T08:07:50Z
JPN,IT.NET.USER.ZS,1992,0.0967,,,2026-07-13,2026-09-20T08:07:50Z
JPN,IT.NET.USER.ZS,1993,0.401,,,2026-07-13,2026-09-20T08:07:50Z
JPN,IT.NET.USER.ZS,1994,0.8,,,2026-07-13,2026-09-20T08:07:50Z
JPN,IT.NET.USER.ZS,1995,1.59,,,2026-07-13,2026-09-20T08:07:50Z
JPN,IT.NET.USER.ZS,1996,4.37,,,2026-07-13,2026-09-20T08:07:50Z
JPN,IT.NET.USER.ZS,1997,9.16,,,2026-07-13,2026-09-20T08:07:50Z
JPN,IT.NET.USER.ZS,1998,13.4,,,2026-07-13,2026-09-20T08:07:50Z
JPN,IT.NET.USER.ZS,1999,21.4,,,2026-07-13,2026-09-20T08:07:50Z
JPN,IT.NET.USER.ZS,2000,29.9907403589142,,,2026-07-13,2026-09-20T08:07:50Z
JPN,IT.NET.USER.ZS,2001,38.5320608612719,,,2026-07-13,2026-09-20T08:07:50Z
JPN,IT.NET.USER.ZS,2002,46.5942011179917,,,2026-07-13,2026-09-20T08:07:50Z
JPN,IT.NET.USER.ZS,2003,48.4352658899653,,,2026-07-13,2026-09-20T08:07:50Z
JPN,IT.NET.USER.ZS,2004,62.3939296327259,,,2026-07-13,2026-09-20T08:07:50Z
JPN,IT.NET.USER.ZS,2005,66.9210661042901,,,2026-07-13,2026-09-20T08:07:50Z
JPN,IT.NET.USER.ZS,2006,68.6852703213795,,,2026-07-13,2026-09-20T08:07:50Z
JPN,IT.NET.USER.ZS,2007,74.3,,,2026-07-13,2026-09-20T08:07:50Z
JPN,IT.NET.USER.ZS,2008,75.4,,,2026-07-13,2026-09-20T08:07:50Z
JPN,IT.NET.USER.ZS,2009,78,,,2026-07-13,2026-09-20T08:07:50Z
JPN,IT.NET.USER.ZS,2010,78.21,,,2026-07-13,2026-09-20T08:07:50Z
JPN,IT.NET.USER.ZS,2011,79.0541135244739,,,2026-07-13,2026-09-20T08:07:50Z
JPN,IT.NET.USER.ZS,2012,79.4964,,,2026-07-13,2026-09-20T08:07:50Z
JPN,IT.NET.USER.ZS,2013,88.219428911,,,2026-07-13,2026-09-20T08:07:50Z
JPN,IT.NET.USER.ZS,2014,89.1068330166075,,,2026-07-13,2026-09-20T08:07:50Z
JPN,IT.NET.USER.ZS,2015,91.0580283929962,,,2026-07-13,2026-09-20T08:07:50Z
JPN,IT.NET.USER.ZS,2016,93.1827212821617,,,2026-07-13,2026-09-20T08:07:50Z
JPN,IT.NET.USER.ZS,2017,91.7265472366635,,,2026-07-13,2026-09-20T08:07:50Z
JPN,IT.NET.USER.ZS,2018,88.7463508901772,,,2026-07-13,2026-09-20T08:07:50Z
JPN,IT.NET.USER.ZS,2019,92.7303978145525,,,2026-07-13,2026-09-20T08:07:50Z
JPN,IT.NET.USER.ZS,2020,90.21945812,,,2026-07-13,2026-09-20T08:07:50Z
JPN,IT.NET.USER.ZS,2021,82.91407928,,,2026-07-13,2026-09-20T08:07:50Z
JPN,IT.NET.USER.ZS,2022,84.92343147,,,2026-07-13,2026-09-20T08:07:50Z
JPN,IT.NET.USER.ZS,2023,85.00990295,,,2026-07-13,2026-09-20T08:07:50Z
JPN,IT.NET.USER.ZS,2024,85.54153081,,,2026-07-13,2026-09-20T08:07:50Z
JPN,IT.NET.USER.ZS,2025,,,,2026-07-13,2026-09-20T08:07:50Z
KOR,IT.NET.USER.ZS,1990,0.0233,,,2026-07-13,2026-09-20T08:07:50Z
KOR,IT.NET.USER.ZS,1991,0.0461,,,2026-07-13,2026-09-20T08:07:50Z
KOR,IT.NET.USER.ZS,1992,0.0984,,,2026-07-13,2026-09-20T08:07:50Z
KOR,IT.NET.USER.ZS,1993,0.25,,,2026-07-13,2026-09-20T08:07:50Z
KOR,IT.NET.USER.ZS,1994,0.311,,,2026-07-13,2026-09-20T08:07:50Z
KOR,IT.NET.USER.ZS,1995,0.82,,,2026-07-13,2026-09-20T08:07:50Z
KOR,IT.NET.USER.ZS,1996,1.62,,,2026-07-13,2026-09-20T08:07:50Z
KOR,IT.NET.USER.ZS,1997,3.6,,,2026-07-13,2026-09-20T08:07:50Z
KOR,IT.NET.USER.ZS,1998,6.78,,,2026-07-13,2026-09-20T08:07:50Z
KOR,IT.NET.USER.ZS,1999,23.6,,,2026-07-13,2026-09-20T08:07:50Z
KOR,IT.NET.USER.ZS,2000,44.7,,,2026-07-13,2026-09-20T08:07:50Z
KOR,IT.NET.USER.ZS,2001,56.6,,,2026-07-13,2026-09-20T08:07:50Z
KOR,IT.NET.USER.ZS,2002,59.4,,,2026-07-13,2026-09-20T08:07:50Z
KOR,IT.NET.USER.ZS,2003,65.5,,,2026-07-13,2026-09-20T08:07:50Z
KOR,IT.NET.USER.ZS,2004,72.7,,,2026-07-13,2026-09-20T08:07:50Z
KOR,IT.NET.USER.ZS,2005,73.5,,,2026-07-13,2026-09-20T08:07:50Z
KOR,IT.NET.USER.ZS,2006,78.1,,,2026-07-13,2026-09-20T08:07:50Z
KOR,IT.NET.USER.ZS,2007,78.8,,,2026-07-13,2026-09-20T08:07:50Z
KOR,IT.NET.USER.ZS,2008,81,,,2026-07-13,2026-09-20T08:07:50Z
KOR,IT.NET.USER.ZS,2009,81.6,,,2026-07-13,2026-09-20T08:07:50Z
KOR,IT.NET.USER.ZS,2010,83.7,,,2026-07-13,2026-09-20T08:07:50Z
KOR,IT.NET.USER.ZS,2011,83.7591201534472,,,2026-07-13,2026-09-20T08:07:50Z
KOR,IT.NET.USER.ZS,2012,84.07,,,2026-07-13,2026-09-20T08:07:50Z
KOR,IT.NET.USER.ZS,2013,84.77,,,2026-07-13,2026-09-20T08:07:50Z
KOR,IT.NET.USER.ZS,2014,87.5568264944747,,,2026-07-13,2026-09-20T08:07:50Z
KOR,IT.NET.USER.ZS,2015,89.8962557995106,,,2026-07-13,2026-09-20T08:07:50Z
KOR,IT.NET.USER.ZS,2016,92.8430256796075,,,2026-07-13,2026-09-20T08:07:50Z
KOR,IT.NET.USER.ZS,2017,95.0694218761004,,,2026-07-13,2026-09-20T08:07:50Z
KOR,IT.NET.USER.ZS,2018,96.0228595797887,,,2026-07-13,2026-09-20T08:07:50Z
KOR,IT.NET.USER.ZS,2019,96.157579184239,,,2026-07-13,2026-09-20T08:07:50Z
KOR,IT.NET.USER.ZS,2020,96.50506052,,,2026-07-13,2026-09-20T08:07:50Z
KOR,IT.NET.USER.ZS,2021,97.57132698,,,2026-07-13,2026-09-20T08:07:50Z
KOR,IT.NET.USER.ZS,2022,97.16855335,,,2026-07-13,2026-09-20T08:07:50Z
KOR,IT.NET.USER.ZS,2023,97.41597478,,,2026-07-13,2026-09-20T08:07:50Z
KOR,IT.NET.USER.ZS,2024,97.89563777,,,2026-07-13,2026-09-20T08:07:50Z
KOR,IT.NET.USER.ZS,2025,,,,2026-07-13,2026-09-20T08:07:50Z
USA,IT.NET.USER.ZS,1990,0.785,,,2026-07-13,2026-09-20T08:07:50Z
USA,IT.NET.USER.ZS,1991,1.16,,,2026-07-13,2026-09-20T08:07:50Z
USA,IT.NET.USER.ZS,1992,1.72,,,2026-07-13,2026-09-20T08:07:50Z
USA,IT.NET.USER.ZS,1993,2.27,,,2026-07-13,2026-09-20T08:07:50Z
USA,IT.NET.USER.ZS,1994,4.86,,,2026-07-13,2026-09-20T08:07:50Z
USA,IT.NET.USER.ZS,1995,9.24,,,2026-07-13,2026-09-20T08:07:50Z
USA,IT.NET.USER.ZS,1996,16.4,,,2026-07-13,2026-09-20T08:07:50Z
USA,IT.NET.USER.ZS,1997,21.6,,,2026-07-13,2026-09-20T08:07:50Z
USA,IT.NET.USER.ZS,1998,30.1,,,2026-07-13,2026-09-20T08:07:50Z
USA,IT.NET.USER.ZS,1999,35.8,,,2026-07-13,2026-09-20T08:07:50Z
USA,IT.NET.USER.ZS,2000,43.0791626375201,,,2026-07-13,2026-09-20T08:07:50Z
USA,IT.NET.USER.ZS,2001,49.0808315896951,,,2026-07-13,2026-09-20T08:07:50Z
USA,IT.NET.USER.ZS,2002,58.7854038836952,,,2026-07-13,2026-09-20T08:07:50Z
USA,IT.NET.USER.ZS,2003,61.6971171244207,,,2026-07-13,2026-09-20T08:07:50Z
USA,IT.NET.USER.ZS,2004,64.7582564759896,,,2026-07-13,2026-09-20T08:07:50Z
USA,IT.NET.USER.ZS,2005,67.9681015,,,2026-07-13,2026-09-20T08:07:50Z
USA,IT.NET.USER.ZS,2006,68.93119812,,,2026-07-13,2026-09-20T08:07:50Z
USA,IT.NET.USER.ZS,2007,75,,,2026-07-13,2026-09-20T08:07:50Z
USA,IT.NET.USER.ZS,2008,74,,,2026-07-13,2026-09-20T08:07:50Z
USA,IT.NET.USER.ZS,2009,71,,,2026-07-13,2026-09-20T08:07:50Z
USA,IT.NET.USER.ZS,2010,71.69,,,2026-07-13,2026-09-20T08:07:50Z
USA,IT.NET.USER.ZS,2011,69.7294607619268,,,2026-07-13,2026-09-20T08:07:50Z
USA,IT.NET.USER.ZS,2012,74.7,,,2026-07-13,2026-09-20T08:07:50Z
USA,IT.NET.USER.ZS,2013,71.4,,,2026-07-13,2026-09-20T08:07:50Z
USA,IT.NET.USER.ZS,2014,73,,,2026-07-13,2026-09-20T08:07:50Z
USA,IT.NET.USER.ZS,2015,74.5542024462761,,,2026-07-13,2026-09-20T08:07:50Z
USA,IT.NET.USER.ZS,2016,85.5444212887222,,,2026-07-13,2026-09-20T08:07:50Z
USA,IT.NET.USER.ZS,2017,87.2748891687657,,,2026-07-13,2026-09-20T08:07:50Z
USA,IT.NET.USER.ZS,2018,88.498903165152,,,2026-07-13,2026-09-20T08:07:50Z
USA,IT.NET.USER.ZS,2019,89.4302848575712,,,2026-07-13,2026-09-20T08:07:50Z
USA,IT.NET.USER.ZS,2020,90.34470367,,,2026-07-13,2026-09-20T08:07:50Z
USA,IT.NET.USER.ZS,2021,91.2684021,,,2026-07-13,2026-09-20T08:07:50Z
USA,IT.NET.USER.ZS,2022,92.72850037,,,2026-07-13,2026-09-20T08:07:50Z
USA,IT.NET.USER.ZS,2023,93.52559662,,,2026-07-13,2026-09-20T08:07:50Z
USA,IT.NET.USER.ZS,2024,94.69380188,,,2026-07-13,2026-09-20T08:07:50Z
USA,IT.NET.USER.ZS,2025,,,,2026-07-13,2026-09-20T08:07:50Z
